<?xml version="1.0" encoding="UTF-8"?>
<addon id="plugin.video.loro" name="loro" version="2.3.2" provider-name="loro">
<requires>
  <import addon="xbmc.python" version="2.25.0"/>
</requires>
<extension point="xbmc.python.pluginsource" library="main.py">
  <provides>video</provides>
</extension>
<extension point="xbmc.addon.metadata">
  <summary lang="en">NAME DETAILS</summary>
  <description lang="en_GB">NAME DETAILS</description>
  <disclaimer lang="en_GB">COPYRIGHT</disclaimer>
  <assets>
    <icon>icon.png</icon>
    <fanart>fanart.jpg</fanart>
    <screenshot>resources\screenshot-01.jpg</screenshot>
    <screenshot>resources\screenshot-02.jpg</screenshot>
    <screenshot>resources\screenshot-03.jpg</screenshot>    
  </assets>
  <source>https://github.com/name/plugin.video.loro</source>
  <website>.....</website>
 <email>.....</email>
</extension>
</addon>